-- --------------------------------------------------------
-- 主机:                           101.37.201.70
-- 服务器版本:                        5.7.18-log - Source distribution
-- 服务器操作系统:                      Linux
-- HeidiSQL 版本:                  9.4.0.5143
-- --------------------------------------------------------

/*!40101 SET @OLD_CHARACTER_SET_CLIENT=@@CHARACTER_SET_CLIENT */;
/*!40101 SET NAMES utf8 */;
/*!50503 SET NAMES utf8mb4 */;
/*!40014 SET @OLD_FOREIGN_KEY_CHECKS=@@FOREIGN_KEY_CHECKS, FOREIGN_KEY_CHECKS=0 */;
/*!40101 SET @OLD_SQL_MODE=@@SQL_MODE, SQL_MODE='NO_AUTO_VALUE_ON_ZERO' */;

-- 正在导出表  xmanage.sys_article 的数据：~0 rows (大约)
/*!40000 ALTER TABLE `sys_article` DISABLE KEYS */;
/*!40000 ALTER TABLE `sys_article` ENABLE KEYS */;

-- 正在导出表  xmanage.sys_email 的数据：~0 rows (大约)
/*!40000 ALTER TABLE `sys_email` DISABLE KEYS */;
INSERT INTO `sys_email` (`id_`, `email_name`, `sender_`, `email_title`, `email_content`, `remark_`, `enable_`, `create_by`, `create_time`, `update_by`, `update_time`) VALUES
	(1, 'test', 't', 'a', '并蒂芙蓉', NULL, 1, 1, '2017-02-02 16:37:54', 1, '2017-02-02 16:37:54');
/*!40000 ALTER TABLE `sys_email` ENABLE KEYS */;

-- 正在导出表  xmanage.sys_email_config 的数据：~0 rows (大约)
/*!40000 ALTER TABLE `sys_email_config` DISABLE KEYS */;
INSERT INTO `sys_email_config` (`id_`, `smtp_host`, `smtp_port`, `send_method`, `sender_name`, `sender_account`, `sender_password`, `remark_`, `enable_`, `create_by`, `create_time`, `update_by`, `update_time`) VALUES
	(828157583909109760, 'smtp.163.com', '101', '0', 'iBase4J', 'iBase4J@163.com', 'BK5sgjz5JOOsFuD4w0mbe7==', NULL, 1, 1, '2017-02-05 16:25:29', 1, '2017-02-05 16:37:50');
/*!40000 ALTER TABLE `sys_email_config` ENABLE KEYS */;

-- 正在导出表  xmanage.sys_email_template 的数据：~0 rows (大约)
/*!40000 ALTER TABLE `sys_email_template` DISABLE KEYS */;
/*!40000 ALTER TABLE `sys_email_template` ENABLE KEYS */;

-- 正在导出表  xmanage.sys_feedback 的数据：~0 rows (大约)
/*!40000 ALTER TABLE `sys_feedback` DISABLE KEYS */;
/*!40000 ALTER TABLE `sys_feedback` ENABLE KEYS */;

-- 正在导出表  xmanage.sys_menu 的数据：~34 rows (大约)
/*!40000 ALTER TABLE `sys_menu` DISABLE KEYS */;
INSERT INTO `sys_menu` (`id_`, `menu_name`, `menu_type`, `parent_id`, `iconcls_`, `request_`, `expand_`, `sort_no`, `is_show`, `permission_`, `remark_`, `enable_`, `create_by`, `create_time`, `update_by`, `update_time`) VALUES
	(1, '主控面板', '1', 0, 'fa fa-bar-chart', '/main/html/first.html', 0, 1, 1, 'main.index', NULL, 1, 1, '2016-06-20 09:16:56', 2, '2017-03-18 17:09:08'),
	(2, '系统管理', '1', 0, 'fa fa-cogs', '#', 0, 10, 1, 'sys', NULL, 1, 1, '2016-06-20 09:16:56', 1, '2016-06-29 08:19:19'),
	(3, '用户管理', '1', 2, 'fa fa-user-o', '/main/html/admin/user.html', 0, 1, 1, 'sys.base.user', NULL, 1, 1, '2016-06-20 09:16:56', 1, '2017-03-07 17:45:37'),
	(4, '组织管理', '1', 2, 'fa fa-sitemap', '/main/html/admin/organization.html', 0, 2, 1, 'sys.base.organization', NULL, 1, 1, '2016-06-20 09:16:56', 1, '2017-10-12 13:55:43'),
	(6, '角色管理', '1', 2, 'fa fa-graduation-cap', '/main/html/admin/role.html', 0, 4, 1, 'sys.base.role', NULL, 1, 1, '2016-06-20 09:16:56', 2, '2017-12-22 17:47:23'),
	(7, '菜单管理', '1', 2, 'fa fa-dedent', '/main/html/admin/menu.html', 0, 5, 1, 'sys.base.menu', NULL, 1, 1, '2016-06-20 09:16:56', 1, '2017-10-12 19:20:28'),
	(8, '会话管理', '1', 2, NULL, '/main/html/admin/session.html', 0, 6, 0, 'sys.base.session', NULL, 1, 1, '2016-06-20 09:16:56', 1, '2017-02-02 21:46:03'),
	(9, '权限管理', '1', 2, 'fa fa-lock', '/main/html/admin/authorize.html', 0, 7, 1, 'sys.permisson', NULL, 1, 1, '2016-06-20 09:16:56', 2, '2017-12-22 17:48:38'),
	(10, '用户角色', '1', 9, NULL, '#', 0, 1, 1, 'sys.permisson.userRole', NULL, 1, 1, '2016-06-20 09:16:56', 2, '2017-12-22 17:49:07'),
	(11, '角色菜单', '1', 9, NULL, '#', 0, 2, 1, 'sys.permisson.roleMenu', NULL, 1, 1, '2016-06-20 09:16:56', 2, '2017-12-22 17:49:14'),
	(12, '角色权限', '1', 9, NULL, '#', 0, 3, 1, 'sys.permisson.role', NULL, 1, 1, '2016-06-20 09:16:56', 2, '2017-12-22 17:49:20'),
	(13, '清除缓存', '1', 0, NULL, '#', 0, 5, 0, 'sys.cache', NULL, 1, 1, '2017-10-14 20:26:19', 2, '2017-10-25 19:28:35'),
	(17, '配置管理', '1', 2, 'fa fa-gear', '/main/html/admin/config.html', 0, 8, 1, 'sys.base.dic', NULL, 1, 1, '2016-06-20 09:16:56', 2, '2017-12-22 17:49:33'),
	(18, '字典管理', '1', 17, NULL, '#', 0, 1, 0, 'sys.base.dic', NULL, 1, 1, '2016-06-20 09:16:56', 1, '2017-10-12 18:54:37'),
	(19, '系统参数', '1', 17, NULL, '#', 0, 1, 0, 'sys.base.param', NULL, 1, 1, '2016-06-20 09:16:56', 1, '2017-10-12 19:25:48'),
	(20, '调度管理', '1', 17, NULL, '#', 0, 1, 0, 'sys.task.scheduled', NULL, 1, 1, '2016-06-20 09:16:56', 1, '2017-10-12 14:05:54'),
	(21, '短信设置', '1', 17, NULL, '#', 0, 1, 0, 'msg.config', NULL, 1, 1, '2017-03-07 17:36:26', 1, '2017-10-12 19:26:22'),
	(22, '邮件设置', '1', 17, NULL, '#', 0, 1, 0, 'email.config', NULL, 1, 1, '2017-03-07 17:36:26', 1, '2017-10-12 19:26:22'),
	(23, '邮件模版', '1', 17, NULL, '#', 0, 1, 0, 'email.template', NULL, 1, 1, '2017-03-07 17:36:26', 1, '2017-10-12 19:26:22'),
	(24, '日志管理', '1', 2, 'fa fa-files-o', '/main/html/admin/log.html', 0, 9, 1, 'msg.config', NULL, 1, 1, '2017-03-07 17:36:26', 2, '2017-10-25 19:20:44'),
	(25, '操作日志', '1', 22, NULL, '#', 0, 1, 0, 'sys.base.event', NULL, 1, 1, '2016-06-20 09:16:56', 1, '2016-06-20 09:16:56'),
	(26, '调度日志', '1', 22, NULL, '#', 0, 2, 0, 'sys.task.log', NULL, 1, 1, '2016-06-20 09:16:56', 1, '2016-06-20 09:16:56'),
	(27, '邮件日志', '1', 22, NULL, '#', 0, 2, 0, 'sys.email.log', NULL, 1, 1, '2016-06-20 09:16:56', 1, '2016-06-20 09:16:56'),
	(28, 'APP版本管理', '1', 2, 'fa fa-vimeo', '/main/html/biz/appVersion.html', 0, 10, 1, 'appVersion', NULL, 1, 1, '2016-06-20 09:16:56', 2, '2017-10-25 19:24:42'),
	(30, '公共管理', '1', 0, 'fa fa-files-o', '#', 0, 11, 1, 'cms', NULL, 1, 1, '2016-06-20 09:16:56', 2, '2017-10-25 19:38:43'),
	(31, '文章管理', '1', 30, 'fa fa-file-text', '/main/html/biz/article.html', 0, 1, 1, 'cms.article', NULL, 1, 1, '2016-06-20 09:16:56', 2, '2017-10-25 19:22:39'),
	(32, '新闻中心', '1', 30, 'fa fa-newspaper-o', '/main/html/biz/news.html', 0, 2, 1, 'cms.news', NULL, 1, 1, '2016-06-20 09:16:56', 2, '2017-10-25 19:24:42'),
	(33, '反馈管理', '1', 30, 'fa fa-volume-control-phone', '/main/html/biz/feedback.html', 0, 3, 1, 'cms.feedback', NULL, 1, 1, '2016-06-20 09:16:56', 2, '2017-10-25 19:24:42'),
	(34, '居民管理', '2', 0, 'fa fa-street-view', '/main/html/biz/tenement.html', 0, 30, 1, 'tenement', NULL, 1, 1, '2017-10-14 20:25:06', 2, '2018-09-01 08:16:27'),
	(35, '小区管理', '2', 0, 'fa fa-cubes', '/main/html/biz/village.html', 0, 20, 1, 'village', NULL, 1, 1, '2018-08-11 14:43:10', 1, '2018-08-11 14:47:16'),
	(36, '房屋管理', '2', 0, 'fa fa-home', '#', 0, 40, 1, 'houses', NULL, 1, 1, '2018-08-18 18:17:48', 1, '2018-08-18 18:17:48'),
	(37, '房屋列表', '2', 36, 'fa fa-list-ul', '/main/html/biz/house.html', 0, 1, 1, 'house', NULL, 1, 1, '2018-08-18 18:19:29', 1, '2018-08-18 18:55:21'),
	(38, '楼栋列表', '2', 36, 'fa fa-bank', '/main/html/biz/building.html', 0, 2, 1, 'building', NULL, 1, 1, '2018-08-18 18:20:55', 1, '2018-08-18 18:20:55'),
	(39, '区域列表', '2', 36, 'fa fa-adjust', '/main/html/biz/area.html', 0, 3, 1, 'area', NULL, 1, 1, '2018-08-18 18:24:47', 1, '2018-08-18 18:24:47'),
	(40, '设备管理', '2', 0, 'fa fa-fire-extinguisher', '/main/html/biz/equipment.html', 0, 50, 1, 'equipment', NULL, 1, 1, '2018-08-18 18:43:35', 1, '2018-08-18 18:47:06'),
	(41, '车辆管理', '2', 0, 'fa fa-car', '/main/html/biz/car.html', 0, 60, 1, 'car', NULL, 1, 1, '2018-08-18 18:44:52', 1, '2018-08-18 18:44:52'),
	(42, '巡逻管理', '2', 0, 'fa fa-map-marker', '/main/html/biz/patrol.html', 0, 70, 1, 'attendance', NULL, 1, 1, '2018-08-18 18:46:40', 1, '2018-08-18 18:46:40'),
	(43, '维修管理', '2', 0, 'fa fa-wrench', '/main/html/biz/repair.html', 0, 80, 1, 'repair', NULL, 1, 1, '2018-08-18 18:51:13', 1, '2018-08-18 18:51:13'),
	(44, '员工管理', '2', 0, 'fa fa-user-circle', '/main/html/biz/staff.html', 0, 31, 1, 'staff', NULL, 1, 2, '2018-09-01 08:15:57', 2, '2018-09-01 08:15:57');
/*!40000 ALTER TABLE `sys_menu` ENABLE KEYS */;

-- 正在导出表  xmanage.sys_msg 的数据：~0 rows (大约)
/*!40000 ALTER TABLE `sys_msg` DISABLE KEYS */;
/*!40000 ALTER TABLE `sys_msg` ENABLE KEYS */;

-- 正在导出表  xmanage.sys_msg_config 的数据：~0 rows (大约)
/*!40000 ALTER TABLE `sys_msg_config` DISABLE KEYS */;
INSERT INTO `sys_msg_config` (`id_`, `sms_plat_url`, `sms_plat_account`, `sms_plat_password`, `send_phone`, `sender_name`, `order_is_send`, `pay_is_send`, `send_goods_is_send`, `regist_is_send`, `advice_goods_is_send`, `enable_`, `remark_`, `create_by`, `create_time`, `update_by`, `update_time`) VALUES
	(1, 'dysmsapi.aliyuncs.com', '', '', NULL, 'IBase4J', NULL, NULL, NULL, NULL, NULL, NULL, NULL, NULL, NULL, NULL, NULL);
/*!40000 ALTER TABLE `sys_msg_config` ENABLE KEYS */;

-- 正在导出表  xmanage.sys_news 的数据：~0 rows (大约)
/*!40000 ALTER TABLE `sys_news` DISABLE KEYS */;
/*!40000 ALTER TABLE `sys_news` ENABLE KEYS */;

-- 正在导出表  xmanage.sys_notice 的数据：~0 rows (大约)
/*!40000 ALTER TABLE `sys_notice` DISABLE KEYS */;
/*!40000 ALTER TABLE `sys_notice` ENABLE KEYS */;

-- 正在导出表  xmanage.sys_organization 的数据：~10 rows (大约)
/*!40000 ALTER TABLE `sys_organization` DISABLE KEYS */;
INSERT INTO `sys_organization` (`id_`, `orga_name`, `principal_`, `phone_`, `address_`, `parent_id`, `sort_no`, `enable_`, `remark_`, `create_by`, `create_time`, `update_by`, `update_time`) VALUES
	(1, '总部', NULL, NULL, NULL, 0, NULL, NULL, NULL, 1, '2017-01-28 23:21:28', 1, '2017-02-06 10:22:15'),
	(2, '全国', '', '', '', 1, 1, 1, 't', 0, '2016-06-28 18:04:06', 2, '2018-08-11 19:06:07'),
	(6, '北京', '', '', '', 2, NULL, NULL, '', 2, '2018-08-10 17:17:27', 2, '2018-08-11 19:06:16'),
	(7, '朝阳', '', '', '', 6, NULL, NULL, '', 2, '2018-08-10 17:19:23', 2, '2018-08-10 17:19:23'),
	(8, '海淀', '', '', '', 6, NULL, NULL, '', 2, '2018-08-10 17:20:39', 2, '2018-08-10 17:20:39'),
	(10, '武汉', '', '', '', 2, NULL, NULL, '', 2, '2018-08-11 19:04:32', 2, '2018-08-11 19:04:32'),
	(11, '汉口', '', '', '', 10, NULL, NULL, '', 2, '2018-08-11 19:04:54', 2, '2018-08-11 19:13:27'),
	(12, '中央物业公司', '', '', '', 11, NULL, NULL, '', 2, '2018-08-11 19:05:47', 2, '2018-08-11 19:13:34'),
	(13, '恒大物业公司', '', '', '', 7, NULL, NULL, '', 2, '2018-08-11 19:06:46', 2, '2018-08-11 19:13:02'),
	(14, '华润物业公司', '', '', '', 8, NULL, NULL, '', 2, '2018-08-11 19:07:06', 1, '2018-08-16 18:52:26');
/*!40000 ALTER TABLE `sys_organization` ENABLE KEYS */;

-- 正在导出表  xmanage.sys_param 的数据：~14 rows (大约)
/*!40000 ALTER TABLE `sys_param` DISABLE KEYS */;
INSERT INTO `sys_param` (`id_`, `param_key`, `param_value`, `catalog_id`, `remark_`, `enable_`, `create_by`, `create_time`, `update_by`, `update_time`) VALUES
	(2, 'SMS_TYPE_1', 'SMS_95645338', NULL, '用户注册验证码', 1, 2, '2017-03-16 13:46:36', 2, '2017-03-16 13:46:36'),
	(3, 'SMS_TYPE_2', 'SMS_95645340', NULL, '登录确认验证码', 1, 2, '2017-03-16 14:43:19', 2, '2017-03-16 14:43:19'),
	(4, 'SMS_TYPE_3', 'SMS_95645337', NULL, '修改密码验证码', 1, 2, '2017-03-16 14:43:51', 2, '2017-03-16 14:43:51'),
	(5, 'SMS_TYPE_4', 'SMS_95645342', NULL, '身份验证验证码', 1, 2, '2017-03-16 14:44:46', 2, '2017-03-16 14:44:46'),
	(6, 'SMS_TYPE_5', 'SMS_95645336', NULL, '信息变更验证码', 1, 2, '2017-03-16 14:45:11', 2, '2017-03-16 14:45:11'),
	(7, 'SMS_TYPE_6', 'SMS_52515203', NULL, '活动确认验证码', 1, 2, '2017-03-16 14:47:26', 2, '2017-03-16 14:47:26'),
	(8, 'LOGIN_DAILY_TIMES', '100', NULL, '一个手机号每天允许登录次数', 1, 2, '2017-03-18 11:16:07', 1, '2017-12-14 16:30:45'),
	(9, 'LOGIN_LIMIT_MSG', '您今天登录的次数已达到最大限制。', NULL, '登录超过允许次数错误信息', 1, 2, '2017-03-18 11:17:00', 2, '2017-06-24 13:18:50'),
	(16, 'TTS_TYPE_1', 'TTS_103590138', NULL, '用户注册验证码', 1, 2, '2017-11-06 21:27:03', 2, '2017-11-06 21:27:03'),
	(17, 'TTS_TYPE_2', 'TTS_103590140', NULL, '登录确认验证码', 1, 2, '2017-11-06 21:27:58', 2, '2017-11-06 21:27:58'),
	(18, 'TTS_TYPE_3', 'TTS_103590136', NULL, '修改密码验证码', 1, 2, '2017-11-06 21:28:36', 2, '2017-11-06 21:28:36'),
	(19, 'TTS_TYPE_4', 'TTS_103590141', NULL, '身份验证验证码', 1, 2, '2017-11-06 21:29:06', 2, '2017-11-06 21:29:06'),
	(20, 'TTS_TYPE_5', 'TTS_103590135', NULL, '信息变更验证码', 1, 2, '2017-11-06 21:29:37', 2, '2017-11-06 21:29:37'),
	(21, 'TTS_TYPE_6', 'TTS_103590137', NULL, '活动确认验证码', 1, 2, '2017-11-06 21:30:00', 2, '2017-11-06 21:30:00');
/*!40000 ALTER TABLE `sys_param` ENABLE KEYS */;

-- 正在导出表  xmanage.sys_role 的数据：~4 rows (大约)
/*!40000 ALTER TABLE `sys_role` DISABLE KEYS */;
INSERT INTO `sys_role` (`id_`, `orga_id`, `role_type`, `role_name`, `enable_`, `remark_`, `create_by`, `create_time`, `update_by`, `update_time`) VALUES
	(1, 1, 3, '超级管理员', 1, '', 1, '2016-06-20 09:16:56', 1, '2017-03-04 16:23:12'),
	(2, 2, 2, '公司管理员', 1, '', 1, '2016-06-20 09:16:56', 1, '2017-03-04 16:23:12'),
	(3, 6, 2, '公司管理员', 1, '', 1, '2016-06-20 09:16:56', 1, '2017-03-04 16:23:12'),
	(4, 14, 2, '小区管理员', 1, '', 1, '2016-06-20 09:16:56', 1, '2017-03-04 16:23:12'),
	(9, 13, 1, '小区管理员', 1, '', 2, '2018-08-31 21:40:53', 2, '2018-08-31 21:40:53');
/*!40000 ALTER TABLE `sys_role` ENABLE KEYS */;

-- 正在导出表  xmanage.sys_role_menu 的数据：~262 rows (大约)
/*!40000 ALTER TABLE `sys_role_menu` DISABLE KEYS */;
INSERT INTO `sys_role_menu` (`id_`, `role_id`, `menu_id`, `permission_`, `enable_`, `remark_`, `create_by`, `create_time`, `update_by`, `update_time`) VALUES
	(728, 5, 1, 'read', 1, NULL, 1, '2018-08-11 14:44:28', 1, '2018-08-11 14:44:28'),
	(729, 5, 13, 'read', 1, NULL, 1, '2018-08-11 14:44:28', 1, '2018-08-11 14:44:28'),
	(730, 5, 2, 'read', 1, NULL, 1, '2018-08-11 14:44:28', 1, '2018-08-11 14:44:28'),
	(731, 5, 3, 'read', 1, NULL, 1, '2018-08-11 14:44:28', 1, '2018-08-11 14:44:28'),
	(732, 5, 4, 'read', 1, NULL, 1, '2018-08-11 14:44:28', 1, '2018-08-11 14:44:28'),
	(733, 5, 6, 'read', 1, NULL, 1, '2018-08-11 14:44:28', 1, '2018-08-11 14:44:28'),
	(734, 5, 7, 'read', 1, NULL, 1, '2018-08-11 14:44:28', 1, '2018-08-11 14:44:28'),
	(735, 5, 8, 'read', 1, NULL, 1, '2018-08-11 14:44:28', 1, '2018-08-11 14:44:28'),
	(736, 5, 9, 'read', 1, NULL, 1, '2018-08-11 14:44:28', 1, '2018-08-11 14:44:28'),
	(737, 5, 10, 'read', 1, NULL, 1, '2018-08-11 14:44:28', 1, '2018-08-11 14:44:28'),
	(738, 5, 11, 'read', 1, NULL, 1, '2018-08-11 14:44:28', 1, '2018-08-11 14:44:28'),
	(739, 5, 12, 'read', 1, NULL, 1, '2018-08-11 14:44:28', 1, '2018-08-11 14:44:28'),
	(740, 5, 17, 'read', 1, NULL, 1, '2018-08-11 14:44:28', 1, '2018-08-11 14:44:28'),
	(741, 5, 19, 'read', 1, NULL, 1, '2018-08-11 14:44:28', 1, '2018-08-11 14:44:28'),
	(742, 5, 23, 'read', 1, NULL, 1, '2018-08-11 14:44:28', 1, '2018-08-11 14:44:28'),
	(743, 5, 22, 'read', 1, NULL, 1, '2018-08-11 14:44:28', 1, '2018-08-11 14:44:28'),
	(744, 5, 25, 'read', 1, NULL, 1, '2018-08-11 14:44:28', 1, '2018-08-11 14:44:28'),
	(745, 5, 26, 'read', 1, NULL, 1, '2018-08-11 14:44:28', 1, '2018-08-11 14:44:28'),
	(746, 5, 27, 'read', 1, NULL, 1, '2018-08-11 14:44:28', 1, '2018-08-11 14:44:28'),
	(747, 5, 21, 'read', 1, NULL, 1, '2018-08-11 14:44:28', 1, '2018-08-11 14:44:28'),
	(748, 5, 20, 'read', 1, NULL, 1, '2018-08-11 14:44:28', 1, '2018-08-11 14:44:28'),
	(749, 5, 18, 'read', 1, NULL, 1, '2018-08-11 14:44:28', 1, '2018-08-11 14:44:28'),
	(750, 5, 24, 'read', 1, NULL, 1, '2018-08-11 14:44:28', 1, '2018-08-11 14:44:28'),
	(751, 5, 35, 'read', 1, NULL, 1, '2018-08-11 14:44:28', 1, '2018-08-11 14:44:28'),
	(752, 5, 30, 'read', 1, NULL, 1, '2018-08-11 14:44:28', 1, '2018-08-11 14:44:28'),
	(753, 5, 31, 'read', 1, NULL, 1, '2018-08-11 14:44:28', 1, '2018-08-11 14:44:28'),
	(754, 5, 32, 'read', 1, NULL, 1, '2018-08-11 14:44:28', 1, '2018-08-11 14:44:28'),
	(755, 5, 33, 'read', 1, NULL, 1, '2018-08-11 14:44:28', 1, '2018-08-11 14:44:28'),
	(756, 3, 1, 'read', 1, NULL, 1, '2018-08-11 14:44:38', 1, '2018-08-11 14:44:38'),
	(757, 3, 35, 'read', 1, NULL, 1, '2018-08-11 14:44:38', 1, '2018-08-11 14:44:38'),
	(861, 5, 13, 'update', 1, NULL, 1, '2018-08-11 14:45:27', 1, '2018-08-11 14:45:27'),
	(862, 5, 3, 'update', 1, NULL, 1, '2018-08-11 14:45:27', 1, '2018-08-11 14:45:27'),
	(863, 5, 3, 'delete', 1, NULL, 1, '2018-08-11 14:45:27', 1, '2018-08-11 14:45:27'),
	(864, 5, 4, 'update', 1, NULL, 1, '2018-08-11 14:45:27', 1, '2018-08-11 14:45:27'),
	(865, 5, 4, 'delete', 1, NULL, 1, '2018-08-11 14:45:27', 1, '2018-08-11 14:45:27'),
	(866, 5, 6, 'update', 1, NULL, 1, '2018-08-11 14:45:27', 1, '2018-08-11 14:45:27'),
	(867, 5, 6, 'delete', 1, NULL, 1, '2018-08-11 14:45:27', 1, '2018-08-11 14:45:27'),
	(868, 5, 7, 'update', 1, NULL, 1, '2018-08-11 14:45:27', 1, '2018-08-11 14:45:27'),
	(869, 5, 7, 'delete', 1, NULL, 1, '2018-08-11 14:45:27', 1, '2018-08-11 14:45:27'),
	(870, 5, 8, 'update', 1, NULL, 1, '2018-08-11 14:45:27', 1, '2018-08-11 14:45:27'),
	(871, 5, 8, 'delete', 1, NULL, 1, '2018-08-11 14:45:27', 1, '2018-08-11 14:45:27'),
	(872, 5, 10, 'update', 1, NULL, 1, '2018-08-11 14:45:27', 1, '2018-08-11 14:45:27'),
	(873, 5, 10, 'delete', 1, NULL, 1, '2018-08-11 14:45:27', 1, '2018-08-11 14:45:27'),
	(874, 5, 11, 'update', 1, NULL, 1, '2018-08-11 14:45:27', 1, '2018-08-11 14:45:27'),
	(875, 5, 11, 'delete', 1, NULL, 1, '2018-08-11 14:45:27', 1, '2018-08-11 14:45:27'),
	(876, 5, 12, 'update', 1, NULL, 1, '2018-08-11 14:45:27', 1, '2018-08-11 14:45:27'),
	(877, 5, 12, 'delete', 1, NULL, 1, '2018-08-11 14:45:27', 1, '2018-08-11 14:45:27'),
	(878, 5, 19, 'update', 1, NULL, 1, '2018-08-11 14:45:27', 1, '2018-08-11 14:45:27'),
	(879, 5, 19, 'delete', 1, NULL, 1, '2018-08-11 14:45:27', 1, '2018-08-11 14:45:27'),
	(880, 5, 23, 'update', 1, NULL, 1, '2018-08-11 14:45:27', 1, '2018-08-11 14:45:27'),
	(881, 5, 23, 'delete', 1, NULL, 1, '2018-08-11 14:45:27', 1, '2018-08-11 14:45:27'),
	(882, 5, 25, 'update', 1, NULL, 1, '2018-08-11 14:45:27', 1, '2018-08-11 14:45:27'),
	(883, 5, 25, 'delete', 1, NULL, 1, '2018-08-11 14:45:27', 1, '2018-08-11 14:45:27'),
	(884, 5, 26, 'update', 1, NULL, 1, '2018-08-11 14:45:27', 1, '2018-08-11 14:45:27'),
	(885, 5, 26, 'delete', 1, NULL, 1, '2018-08-11 14:45:27', 1, '2018-08-11 14:45:27'),
	(886, 5, 27, 'update', 1, NULL, 1, '2018-08-11 14:45:27', 1, '2018-08-11 14:45:27'),
	(887, 5, 27, 'delete', 1, NULL, 1, '2018-08-11 14:45:27', 1, '2018-08-11 14:45:27'),
	(888, 5, 21, 'update', 1, NULL, 1, '2018-08-11 14:45:27', 1, '2018-08-11 14:45:27'),
	(889, 5, 21, 'delete', 1, NULL, 1, '2018-08-11 14:45:27', 1, '2018-08-11 14:45:27'),
	(890, 5, 20, 'add', 1, NULL, 1, '2018-08-11 14:45:27', 1, '2018-08-11 14:45:27'),
	(891, 5, 20, 'update', 1, NULL, 1, '2018-08-11 14:45:27', 1, '2018-08-11 14:45:27'),
	(892, 5, 20, 'delete', 1, NULL, 1, '2018-08-11 14:45:27', 1, '2018-08-11 14:45:27'),
	(893, 5, 20, 'open', 1, NULL, 1, '2018-08-11 14:45:27', 1, '2018-08-11 14:45:27'),
	(894, 5, 20, 'close', 1, NULL, 1, '2018-08-11 14:45:27', 1, '2018-08-11 14:45:27'),
	(895, 5, 20, 'run', 1, NULL, 1, '2018-08-11 14:45:27', 1, '2018-08-11 14:45:27'),
	(896, 5, 18, 'update', 1, NULL, 1, '2018-08-11 14:45:27', 1, '2018-08-11 14:45:27'),
	(897, 5, 18, 'delete', 1, NULL, 1, '2018-08-11 14:45:27', 1, '2018-08-11 14:45:27'),
	(898, 5, 24, 'update', 1, NULL, 1, '2018-08-11 14:45:27', 1, '2018-08-11 14:45:27'),
	(899, 5, 24, 'delete', 1, NULL, 1, '2018-08-11 14:45:27', 1, '2018-08-11 14:45:27'),
	(900, 5, 35, 'update', 1, NULL, 1, '2018-08-11 14:45:27', 1, '2018-08-11 14:45:27'),
	(901, 5, 35, 'delete', 1, NULL, 1, '2018-08-11 14:45:27', 1, '2018-08-11 14:45:27'),
	(902, 5, 31, 'update', 1, NULL, 1, '2018-08-11 14:45:27', 1, '2018-08-11 14:45:27'),
	(903, 5, 31, 'delete', 1, NULL, 1, '2018-08-11 14:45:27', 1, '2018-08-11 14:45:27'),
	(904, 5, 32, 'update', 1, NULL, 1, '2018-08-11 14:45:27', 1, '2018-08-11 14:45:27'),
	(905, 5, 32, 'delete', 1, NULL, 1, '2018-08-11 14:45:27', 1, '2018-08-11 14:45:27'),
	(906, 5, 33, 'update', 1, NULL, 1, '2018-08-11 14:45:27', 1, '2018-08-11 14:45:27'),
	(907, 5, 33, 'delete', 1, NULL, 1, '2018-08-11 14:45:27', 1, '2018-08-11 14:45:27'),
	(1143, 7, 34, 'read', 1, NULL, 2, '2018-08-31 21:38:11', 2, '2018-08-31 21:38:11'),
	(1144, 7, 36, 'read', 1, NULL, 2, '2018-08-31 21:38:11', 2, '2018-08-31 21:38:11'),
	(1145, 7, 37, 'read', 1, NULL, 2, '2018-08-31 21:38:11', 2, '2018-08-31 21:38:11'),
	(1146, 7, 38, 'read', 1, NULL, 2, '2018-08-31 21:38:11', 2, '2018-08-31 21:38:11'),
	(1147, 7, 39, 'read', 1, NULL, 2, '2018-08-31 21:38:11', 2, '2018-08-31 21:38:11'),
	(1148, 7, 40, 'read', 1, NULL, 2, '2018-08-31 21:38:11', 2, '2018-08-31 21:38:11'),
	(1149, 7, 41, 'read', 1, NULL, 2, '2018-08-31 21:38:11', 2, '2018-08-31 21:38:11'),
	(1150, 7, 42, 'read', 1, NULL, 2, '2018-08-31 21:38:11', 2, '2018-08-31 21:38:11'),
	(1151, 7, 43, 'read', 1, NULL, 2, '2018-08-31 21:38:11', 2, '2018-08-31 21:38:11'),
	(1152, 8, 40, 'read', 1, NULL, 2, '2018-08-31 21:38:24', 2, '2018-08-31 21:38:24'),
	(1189, 9, 2, 'read', 1, NULL, 2, '2018-08-31 21:47:09', 2, '2018-08-31 21:47:09'),
	(1190, 9, 3, 'read', 1, NULL, 2, '2018-08-31 21:47:09', 2, '2018-08-31 21:47:09'),
	(1191, 9, 9, 'read', 1, NULL, 2, '2018-08-31 21:47:09', 2, '2018-08-31 21:47:09'),
	(1192, 9, 10, 'read', 1, NULL, 2, '2018-08-31 21:47:09', 2, '2018-08-31 21:47:09'),
	(1193, 9, 11, 'read', 1, NULL, 2, '2018-08-31 21:47:09', 2, '2018-08-31 21:47:09'),
	(1194, 9, 12, 'read', 1, NULL, 2, '2018-08-31 21:47:09', 2, '2018-08-31 21:47:09'),
	(1195, 9, 35, 'read', 1, NULL, 2, '2018-08-31 21:47:09', 2, '2018-08-31 21:47:09'),
	(1196, 9, 34, 'read', 1, NULL, 2, '2018-08-31 21:47:09', 2, '2018-08-31 21:47:09'),
	(1197, 9, 36, 'read', 1, NULL, 2, '2018-08-31 21:47:09', 2, '2018-08-31 21:47:09'),
	(1198, 9, 37, 'read', 1, NULL, 2, '2018-08-31 21:47:09', 2, '2018-08-31 21:47:09'),
	(1199, 9, 38, 'read', 1, NULL, 2, '2018-08-31 21:47:09', 2, '2018-08-31 21:47:09'),
	(1200, 9, 39, 'read', 1, NULL, 2, '2018-08-31 21:47:09', 2, '2018-08-31 21:47:09'),
	(1201, 9, 40, 'read', 1, NULL, 2, '2018-08-31 21:47:09', 2, '2018-08-31 21:47:09'),
	(1202, 9, 41, 'read', 1, NULL, 2, '2018-08-31 21:47:09', 2, '2018-08-31 21:47:09'),
	(1203, 9, 42, 'read', 1, NULL, 2, '2018-08-31 21:47:09', 2, '2018-08-31 21:47:09'),
	(1204, 9, 43, 'read', 1, NULL, 2, '2018-08-31 21:47:09', 2, '2018-08-31 21:47:09'),
	(1205, 1, 1, 'read', 1, NULL, 1, '2018-09-01 08:20:14', 1, '2018-09-01 08:20:14'),
	(1206, 1, 2, 'read', 1, NULL, 1, '2018-09-01 08:20:14', 1, '2018-09-01 08:20:14'),
	(1207, 1, 3, 'read', 1, NULL, 1, '2018-09-01 08:20:14', 1, '2018-09-01 08:20:14'),
	(1208, 1, 4, 'read', 1, NULL, 1, '2018-09-01 08:20:14', 1, '2018-09-01 08:20:14'),
	(1209, 1, 6, 'read', 1, NULL, 1, '2018-09-01 08:20:14', 1, '2018-09-01 08:20:14'),
	(1210, 1, 7, 'read', 1, NULL, 1, '2018-09-01 08:20:14', 1, '2018-09-01 08:20:14'),
	(1211, 1, 8, 'read', 1, NULL, 1, '2018-09-01 08:20:14', 1, '2018-09-01 08:20:14'),
	(1212, 1, 9, 'read', 1, NULL, 1, '2018-09-01 08:20:14', 1, '2018-09-01 08:20:14'),
	(1213, 1, 10, 'read', 1, NULL, 1, '2018-09-01 08:20:14', 1, '2018-09-01 08:20:14'),
	(1214, 1, 11, 'read', 1, NULL, 1, '2018-09-01 08:20:14', 1, '2018-09-01 08:20:14'),
	(1215, 1, 12, 'read', 1, NULL, 1, '2018-09-01 08:20:14', 1, '2018-09-01 08:20:14'),
	(1216, 1, 17, 'read', 1, NULL, 1, '2018-09-01 08:20:14', 1, '2018-09-01 08:20:14'),
	(1217, 1, 20, 'read', 1, NULL, 1, '2018-09-01 08:20:14', 1, '2018-09-01 08:20:14'),
	(1218, 1, 18, 'read', 1, NULL, 1, '2018-09-01 08:20:14', 1, '2018-09-01 08:20:14'),
	(1219, 1, 19, 'read', 1, NULL, 1, '2018-09-01 08:20:14', 1, '2018-09-01 08:20:14'),
	(1220, 1, 21, 'read', 1, NULL, 1, '2018-09-01 08:20:14', 1, '2018-09-01 08:20:14'),
	(1221, 1, 22, 'read', 1, NULL, 1, '2018-09-01 08:20:14', 1, '2018-09-01 08:20:14'),
	(1222, 1, 25, 'read', 1, NULL, 1, '2018-09-01 08:20:14', 1, '2018-09-01 08:20:14'),
	(1223, 1, 26, 'read', 1, NULL, 1, '2018-09-01 08:20:14', 1, '2018-09-01 08:20:14'),
	(1224, 1, 27, 'read', 1, NULL, 1, '2018-09-01 08:20:14', 1, '2018-09-01 08:20:14'),
	(1225, 1, 23, 'read', 1, NULL, 1, '2018-09-01 08:20:14', 1, '2018-09-01 08:20:14'),
	(1226, 1, 24, 'read', 1, NULL, 1, '2018-09-01 08:20:14', 1, '2018-09-01 08:20:14'),
	(1227, 1, 28, 'read', 1, NULL, 1, '2018-09-01 08:20:14', 1, '2018-09-01 08:20:14'),
	(1228, 1, 30, 'read', 1, NULL, 1, '2018-09-01 08:20:14', 1, '2018-09-01 08:20:14'),
	(1229, 1, 31, 'read', 1, NULL, 1, '2018-09-01 08:20:14', 1, '2018-09-01 08:20:14'),
	(1230, 1, 32, 'read', 1, NULL, 1, '2018-09-01 08:20:14', 1, '2018-09-01 08:20:14'),
	(1231, 1, 33, 'read', 1, NULL, 1, '2018-09-01 08:20:14', 1, '2018-09-01 08:20:14'),
	(1232, 1, 35, 'read', 1, NULL, 1, '2018-09-01 08:20:14', 1, '2018-09-01 08:20:14'),
	(1233, 1, 34, 'read', 1, NULL, 1, '2018-09-01 08:20:14', 1, '2018-09-01 08:20:14'),
	(1234, 1, 44, 'read', 1, NULL, 1, '2018-09-01 08:20:14', 1, '2018-09-01 08:20:14'),
	(1235, 1, 36, 'read', 1, NULL, 1, '2018-09-01 08:20:14', 1, '2018-09-01 08:20:14'),
	(1236, 1, 37, 'read', 1, NULL, 1, '2018-09-01 08:20:14', 1, '2018-09-01 08:20:14'),
	(1237, 1, 38, 'read', 1, NULL, 1, '2018-09-01 08:20:14', 1, '2018-09-01 08:20:14'),
	(1238, 1, 39, 'read', 1, NULL, 1, '2018-09-01 08:20:14', 1, '2018-09-01 08:20:14'),
	(1239, 1, 40, 'read', 1, NULL, 1, '2018-09-01 08:20:14', 1, '2018-09-01 08:20:14'),
	(1240, 1, 41, 'read', 1, NULL, 1, '2018-09-01 08:20:14', 1, '2018-09-01 08:20:14'),
	(1241, 1, 42, 'read', 1, NULL, 1, '2018-09-01 08:20:14', 1, '2018-09-01 08:20:14'),
	(1242, 1, 43, 'read', 1, NULL, 1, '2018-09-01 08:20:14', 1, '2018-09-01 08:20:14'),
	(1243, 2, 1, 'read', 1, NULL, 1, '2018-09-01 08:20:34', 1, '2018-09-01 08:20:34'),
	(1244, 2, 2, 'read', 1, NULL, 1, '2018-09-01 08:20:34', 1, '2018-09-01 08:20:34'),
	(1245, 2, 3, 'read', 1, NULL, 1, '2018-09-01 08:20:34', 1, '2018-09-01 08:20:34'),
	(1246, 2, 4, 'read', 1, NULL, 1, '2018-09-01 08:20:34', 1, '2018-09-01 08:20:34'),
	(1247, 2, 6, 'read', 1, NULL, 1, '2018-09-01 08:20:34', 1, '2018-09-01 08:20:34'),
	(1248, 2, 7, 'read', 1, NULL, 1, '2018-09-01 08:20:34', 1, '2018-09-01 08:20:34'),
	(1249, 2, 9, 'read', 1, NULL, 1, '2018-09-01 08:20:34', 1, '2018-09-01 08:20:34'),
	(1250, 2, 10, 'read', 1, NULL, 1, '2018-09-01 08:20:34', 1, '2018-09-01 08:20:34'),
	(1251, 2, 11, 'read', 1, NULL, 1, '2018-09-01 08:20:34', 1, '2018-09-01 08:20:34'),
	(1252, 2, 12, 'read', 1, NULL, 1, '2018-09-01 08:20:34', 1, '2018-09-01 08:20:34'),
	(1253, 2, 17, 'read', 1, NULL, 1, '2018-09-01 08:20:34', 1, '2018-09-01 08:20:34'),
	(1254, 2, 20, 'read', 1, NULL, 1, '2018-09-01 08:20:34', 1, '2018-09-01 08:20:34'),
	(1255, 2, 18, 'read', 1, NULL, 1, '2018-09-01 08:20:34', 1, '2018-09-01 08:20:34'),
	(1256, 2, 19, 'read', 1, NULL, 1, '2018-09-01 08:20:34', 1, '2018-09-01 08:20:34'),
	(1257, 2, 21, 'read', 1, NULL, 1, '2018-09-01 08:20:34', 1, '2018-09-01 08:20:34'),
	(1258, 2, 22, 'read', 1, NULL, 1, '2018-09-01 08:20:34', 1, '2018-09-01 08:20:34'),
	(1259, 2, 25, 'read', 1, NULL, 1, '2018-09-01 08:20:34', 1, '2018-09-01 08:20:34'),
	(1260, 2, 26, 'read', 1, NULL, 1, '2018-09-01 08:20:34', 1, '2018-09-01 08:20:34'),
	(1261, 2, 27, 'read', 1, NULL, 1, '2018-09-01 08:20:34', 1, '2018-09-01 08:20:34'),
	(1262, 2, 23, 'read', 1, NULL, 1, '2018-09-01 08:20:34', 1, '2018-09-01 08:20:34'),
	(1263, 2, 24, 'read', 1, NULL, 1, '2018-09-01 08:20:34', 1, '2018-09-01 08:20:34'),
	(1264, 2, 30, 'read', 1, NULL, 1, '2018-09-01 08:20:34', 1, '2018-09-01 08:20:34'),
	(1265, 2, 31, 'read', 1, NULL, 1, '2018-09-01 08:20:34', 1, '2018-09-01 08:20:34'),
	(1266, 2, 32, 'read', 1, NULL, 1, '2018-09-01 08:20:34', 1, '2018-09-01 08:20:34'),
	(1267, 2, 33, 'read', 1, NULL, 1, '2018-09-01 08:20:34', 1, '2018-09-01 08:20:34'),
	(1268, 2, 35, 'read', 1, NULL, 1, '2018-09-01 08:20:34', 1, '2018-09-01 08:20:34'),
	(1269, 2, 34, 'read', 1, NULL, 1, '2018-09-01 08:20:34', 1, '2018-09-01 08:20:34'),
	(1270, 2, 44, 'read', 1, NULL, 1, '2018-09-01 08:20:34', 1, '2018-09-01 08:20:34'),
	(1271, 2, 36, 'read', 1, NULL, 1, '2018-09-01 08:20:34', 1, '2018-09-01 08:20:34'),
	(1272, 2, 37, 'read', 1, NULL, 1, '2018-09-01 08:20:34', 1, '2018-09-01 08:20:34'),
	(1273, 2, 38, 'read', 1, NULL, 1, '2018-09-01 08:20:34', 1, '2018-09-01 08:20:34'),
	(1274, 2, 39, 'read', 1, NULL, 1, '2018-09-01 08:20:34', 1, '2018-09-01 08:20:34'),
	(1275, 2, 40, 'read', 1, NULL, 1, '2018-09-01 08:20:34', 1, '2018-09-01 08:20:34'),
	(1276, 2, 41, 'read', 1, NULL, 1, '2018-09-01 08:20:34', 1, '2018-09-01 08:20:34'),
	(1277, 2, 42, 'read', 1, NULL, 1, '2018-09-01 08:20:34', 1, '2018-09-01 08:20:34'),
	(1278, 2, 43, 'read', 1, NULL, 1, '2018-09-01 08:20:34', 1, '2018-09-01 08:20:34'),
	(1279, 4, 1, 'read', 1, NULL, 1, '2018-09-01 08:21:29', 1, '2018-09-01 08:21:29'),
	(1280, 4, 2, 'read', 1, NULL, 1, '2018-09-01 08:21:29', 1, '2018-09-01 08:21:29'),
	(1281, 4, 3, 'read', 1, NULL, 1, '2018-09-01 08:21:29', 1, '2018-09-01 08:21:29'),
	(1282, 4, 9, 'read', 1, NULL, 1, '2018-09-01 08:21:29', 1, '2018-09-01 08:21:29'),
	(1283, 4, 10, 'read', 1, NULL, 1, '2018-09-01 08:21:29', 1, '2018-09-01 08:21:29'),
	(1284, 4, 11, 'read', 1, NULL, 1, '2018-09-01 08:21:29', 1, '2018-09-01 08:21:29'),
	(1285, 4, 12, 'read', 1, NULL, 1, '2018-09-01 08:21:29', 1, '2018-09-01 08:21:29'),
	(1286, 4, 35, 'read', 1, NULL, 1, '2018-09-01 08:21:29', 1, '2018-09-01 08:21:29'),
	(1287, 4, 34, 'read', 1, NULL, 1, '2018-09-01 08:21:29', 1, '2018-09-01 08:21:29'),
	(1288, 4, 44, 'read', 1, NULL, 1, '2018-09-01 08:21:29', 1, '2018-09-01 08:21:29'),
	(1289, 4, 36, 'read', 1, NULL, 1, '2018-09-01 08:21:29', 1, '2018-09-01 08:21:29'),
	(1290, 4, 37, 'read', 1, NULL, 1, '2018-09-01 08:21:29', 1, '2018-09-01 08:21:29'),
	(1291, 4, 38, 'read', 1, NULL, 1, '2018-09-01 08:21:29', 1, '2018-09-01 08:21:29'),
	(1292, 4, 39, 'read', 1, NULL, 1, '2018-09-01 08:21:29', 1, '2018-09-01 08:21:29'),
	(1293, 4, 40, 'read', 1, NULL, 1, '2018-09-01 08:21:29', 1, '2018-09-01 08:21:29'),
	(1294, 4, 41, 'read', 1, NULL, 1, '2018-09-01 08:21:29', 1, '2018-09-01 08:21:29'),
	(1295, 4, 42, 'read', 1, NULL, 1, '2018-09-01 08:21:29', 1, '2018-09-01 08:21:29'),
	(1296, 4, 43, 'read', 1, NULL, 1, '2018-09-01 08:21:29', 1, '2018-09-01 08:21:29'),
	(1297, 1, 13, 'update', 1, NULL, 1, '2018-09-01 08:21:59', 1, '2018-09-01 08:21:59'),
	(1298, 1, 3, 'update', 1, NULL, 1, '2018-09-01 08:21:59', 1, '2018-09-01 08:21:59'),
	(1299, 1, 3, 'delete', 1, NULL, 1, '2018-09-01 08:21:59', 1, '2018-09-01 08:21:59'),
	(1300, 1, 4, 'update', 1, NULL, 1, '2018-09-01 08:21:59', 1, '2018-09-01 08:21:59'),
	(1301, 1, 4, 'delete', 1, NULL, 1, '2018-09-01 08:21:59', 1, '2018-09-01 08:21:59'),
	(1302, 1, 6, 'update', 1, NULL, 1, '2018-09-01 08:21:59', 1, '2018-09-01 08:21:59'),
	(1303, 1, 6, 'delete', 1, NULL, 1, '2018-09-01 08:21:59', 1, '2018-09-01 08:21:59'),
	(1304, 1, 7, 'update', 1, NULL, 1, '2018-09-01 08:21:59', 1, '2018-09-01 08:21:59'),
	(1305, 1, 7, 'delete', 1, NULL, 1, '2018-09-01 08:21:59', 1, '2018-09-01 08:21:59'),
	(1306, 1, 8, 'update', 1, NULL, 1, '2018-09-01 08:21:59', 1, '2018-09-01 08:21:59'),
	(1307, 1, 8, 'delete', 1, NULL, 1, '2018-09-01 08:21:59', 1, '2018-09-01 08:21:59'),
	(1308, 1, 10, 'update', 1, NULL, 1, '2018-09-01 08:21:59', 1, '2018-09-01 08:21:59'),
	(1309, 1, 10, 'delete', 1, NULL, 1, '2018-09-01 08:21:59', 1, '2018-09-01 08:21:59'),
	(1310, 1, 11, 'update', 1, NULL, 1, '2018-09-01 08:21:59', 1, '2018-09-01 08:21:59'),
	(1311, 1, 11, 'delete', 1, NULL, 1, '2018-09-01 08:21:59', 1, '2018-09-01 08:21:59'),
	(1312, 1, 12, 'update', 1, NULL, 1, '2018-09-01 08:21:59', 1, '2018-09-01 08:21:59'),
	(1313, 1, 12, 'delete', 1, NULL, 1, '2018-09-01 08:21:59', 1, '2018-09-01 08:21:59'),
	(1314, 1, 20, 'update', 1, NULL, 1, '2018-09-01 08:21:59', 1, '2018-09-01 08:21:59'),
	(1315, 1, 20, 'delete', 1, NULL, 1, '2018-09-01 08:21:59', 1, '2018-09-01 08:21:59'),
	(1316, 1, 20, 'open', 1, NULL, 1, '2018-09-01 08:21:59', 1, '2018-09-01 08:21:59'),
	(1317, 1, 20, 'close', 1, NULL, 1, '2018-09-01 08:21:59', 1, '2018-09-01 08:21:59'),
	(1318, 1, 20, 'run', 1, NULL, 1, '2018-09-01 08:21:59', 1, '2018-09-01 08:21:59'),
	(1319, 1, 18, 'update', 1, NULL, 1, '2018-09-01 08:21:59', 1, '2018-09-01 08:21:59'),
	(1320, 1, 18, 'delete', 1, NULL, 1, '2018-09-01 08:21:59', 1, '2018-09-01 08:21:59'),
	(1321, 1, 19, 'update', 1, NULL, 1, '2018-09-01 08:21:59', 1, '2018-09-01 08:21:59'),
	(1322, 1, 19, 'delete', 1, NULL, 1, '2018-09-01 08:21:59', 1, '2018-09-01 08:21:59'),
	(1323, 1, 21, 'update', 1, NULL, 1, '2018-09-01 08:21:59', 1, '2018-09-01 08:21:59'),
	(1324, 1, 21, 'delete', 1, NULL, 1, '2018-09-01 08:21:59', 1, '2018-09-01 08:21:59'),
	(1325, 1, 25, 'update', 1, NULL, 1, '2018-09-01 08:21:59', 1, '2018-09-01 08:21:59'),
	(1326, 1, 25, 'delete', 1, NULL, 1, '2018-09-01 08:21:59', 1, '2018-09-01 08:21:59'),
	(1327, 1, 26, 'update', 1, NULL, 1, '2018-09-01 08:21:59', 1, '2018-09-01 08:21:59'),
	(1328, 1, 26, 'delete', 1, NULL, 1, '2018-09-01 08:21:59', 1, '2018-09-01 08:21:59'),
	(1329, 1, 27, 'update', 1, NULL, 1, '2018-09-01 08:21:59', 1, '2018-09-01 08:21:59'),
	(1330, 1, 27, 'delete', 1, NULL, 1, '2018-09-01 08:21:59', 1, '2018-09-01 08:21:59'),
	(1331, 1, 23, 'update', 1, NULL, 1, '2018-09-01 08:21:59', 1, '2018-09-01 08:21:59'),
	(1332, 1, 23, 'delete', 1, NULL, 1, '2018-09-01 08:21:59', 1, '2018-09-01 08:21:59'),
	(1333, 1, 24, 'update', 1, NULL, 1, '2018-09-01 08:21:59', 1, '2018-09-01 08:21:59'),
	(1334, 1, 24, 'delete', 1, NULL, 1, '2018-09-01 08:21:59', 1, '2018-09-01 08:21:59'),
	(1335, 1, 31, 'update', 1, NULL, 1, '2018-09-01 08:21:59', 1, '2018-09-01 08:21:59'),
	(1336, 1, 31, 'delete', 1, NULL, 1, '2018-09-01 08:21:59', 1, '2018-09-01 08:21:59'),
	(1337, 1, 32, 'update', 1, NULL, 1, '2018-09-01 08:21:59', 1, '2018-09-01 08:21:59'),
	(1338, 1, 32, 'delete', 1, NULL, 1, '2018-09-01 08:21:59', 1, '2018-09-01 08:21:59'),
	(1339, 1, 33, 'update', 1, NULL, 1, '2018-09-01 08:21:59', 1, '2018-09-01 08:21:59'),
	(1340, 1, 33, 'delete', 1, NULL, 1, '2018-09-01 08:21:59', 1, '2018-09-01 08:21:59'),
	(1341, 1, 35, 'update', 1, NULL, 1, '2018-09-01 08:21:59', 1, '2018-09-01 08:21:59'),
	(1342, 1, 35, 'delete', 1, NULL, 1, '2018-09-01 08:21:59', 1, '2018-09-01 08:21:59'),
	(1343, 1, 34, 'update', 1, NULL, 1, '2018-09-01 08:21:59', 1, '2018-09-01 08:21:59'),
	(1344, 1, 34, 'delete', 1, NULL, 1, '2018-09-01 08:21:59', 1, '2018-09-01 08:21:59'),
	(1345, 1, 44, 'update', 1, NULL, 1, '2018-09-01 08:21:59', 1, '2018-09-01 08:21:59'),
	(1346, 1, 44, 'delete', 1, NULL, 1, '2018-09-01 08:21:59', 1, '2018-09-01 08:21:59'),
	(1347, 1, 37, 'update', 1, NULL, 1, '2018-09-01 08:21:59', 1, '2018-09-01 08:21:59'),
	(1348, 1, 37, 'delete', 1, NULL, 1, '2018-09-01 08:21:59', 1, '2018-09-01 08:21:59'),
	(1349, 1, 38, 'update', 1, NULL, 1, '2018-09-01 08:21:59', 1, '2018-09-01 08:21:59'),
	(1350, 1, 38, 'delete', 1, NULL, 1, '2018-09-01 08:21:59', 1, '2018-09-01 08:21:59'),
	(1351, 1, 39, 'update', 1, NULL, 1, '2018-09-01 08:21:59', 1, '2018-09-01 08:21:59'),
	(1352, 1, 39, 'delete', 1, NULL, 1, '2018-09-01 08:21:59', 1, '2018-09-01 08:21:59'),
	(1353, 1, 40, 'update', 1, NULL, 1, '2018-09-01 08:21:59', 1, '2018-09-01 08:21:59'),
	(1354, 1, 40, 'delete', 1, NULL, 1, '2018-09-01 08:21:59', 1, '2018-09-01 08:21:59'),
	(1355, 1, 41, 'update', 1, NULL, 1, '2018-09-01 08:21:59', 1, '2018-09-01 08:21:59'),
	(1356, 1, 41, 'delete', 1, NULL, 1, '2018-09-01 08:21:59', 1, '2018-09-01 08:21:59'),
	(1357, 1, 42, 'update', 1, NULL, 1, '2018-09-01 08:21:59', 1, '2018-09-01 08:21:59'),
	(1358, 1, 42, 'delete', 1, NULL, 1, '2018-09-01 08:21:59', 1, '2018-09-01 08:21:59'),
	(1359, 1, 43, 'update', 1, NULL, 1, '2018-09-01 08:21:59', 1, '2018-09-01 08:21:59'),
	(1360, 1, 43, 'delete', 1, NULL, 1, '2018-09-01 08:21:59', 1, '2018-09-01 08:21:59'),
	(1361, 2, 13, 'update', 1, NULL, 1, '2018-09-01 08:22:12', 1, '2018-09-01 08:22:12'),
	(1362, 2, 3, 'update', 1, NULL, 1, '2018-09-01 08:22:12', 1, '2018-09-01 08:22:12'),
	(1363, 2, 3, 'delete', 1, NULL, 1, '2018-09-01 08:22:12', 1, '2018-09-01 08:22:12'),
	(1364, 2, 4, 'update', 1, NULL, 1, '2018-09-01 08:22:12', 1, '2018-09-01 08:22:12'),
	(1365, 2, 4, 'delete', 1, NULL, 1, '2018-09-01 08:22:12', 1, '2018-09-01 08:22:12'),
	(1366, 2, 6, 'update', 1, NULL, 1, '2018-09-01 08:22:12', 1, '2018-09-01 08:22:12'),
	(1367, 2, 6, 'delete', 1, NULL, 1, '2018-09-01 08:22:12', 1, '2018-09-01 08:22:12'),
	(1368, 2, 7, 'update', 1, NULL, 1, '2018-09-01 08:22:12', 1, '2018-09-01 08:22:12'),
	(1369, 2, 7, 'delete', 1, NULL, 1, '2018-09-01 08:22:12', 1, '2018-09-01 08:22:12'),
	(1370, 2, 8, 'update', 1, NULL, 1, '2018-09-01 08:22:12', 1, '2018-09-01 08:22:12'),
	(1371, 2, 8, 'delete', 1, NULL, 1, '2018-09-01 08:22:12', 1, '2018-09-01 08:22:12'),
	(1372, 2, 10, 'update', 1, NULL, 1, '2018-09-01 08:22:12', 1, '2018-09-01 08:22:12'),
	(1373, 2, 10, 'delete', 1, NULL, 1, '2018-09-01 08:22:12', 1, '2018-09-01 08:22:12'),
	(1374, 2, 11, 'update', 1, NULL, 1, '2018-09-01 08:22:12', 1, '2018-09-01 08:22:12'),
	(1375, 2, 11, 'delete', 1, NULL, 1, '2018-09-01 08:22:12', 1, '2018-09-01 08:22:12'),
	(1376, 2, 12, 'update', 1, NULL, 1, '2018-09-01 08:22:12', 1, '2018-09-01 08:22:12'),
	(1377, 2, 12, 'delete', 1, NULL, 1, '2018-09-01 08:22:12', 1, '2018-09-01 08:22:12'),
	(1378, 2, 20, 'add', 1, NULL, 1, '2018-09-01 08:22:12', 1, '2018-09-01 08:22:12'),
	(1379, 2, 20, 'update', 1, NULL, 1, '2018-09-01 08:22:12', 1, '2018-09-01 08:22:12'),
	(1380, 2, 20, 'delete', 1, NULL, 1, '2018-09-01 08:22:12', 1, '2018-09-01 08:22:12'),
	(1381, 2, 20, 'open', 1, NULL, 1, '2018-09-01 08:22:12', 1, '2018-09-01 08:22:12'),
	(1382, 2, 20, 'close', 1, NULL, 1, '2018-09-01 08:22:12', 1, '2018-09-01 08:22:12'),
	(1383, 2, 20, 'run', 1, NULL, 1, '2018-09-01 08:22:12', 1, '2018-09-01 08:22:12'),
	(1384, 2, 18, 'update', 1, NULL, 1, '2018-09-01 08:22:12', 1, '2018-09-01 08:22:12'),
	(1385, 2, 18, 'delete', 1, NULL, 1, '2018-09-01 08:22:12', 1, '2018-09-01 08:22:12'),
	(1386, 2, 19, 'update', 1, NULL, 1, '2018-09-01 08:22:12', 1, '2018-09-01 08:22:12'),
	(1387, 2, 19, 'delete', 1, NULL, 1, '2018-09-01 08:22:12', 1, '2018-09-01 08:22:12'),
	(1388, 2, 21, 'update', 1, NULL, 1, '2018-09-01 08:22:12', 1, '2018-09-01 08:22:12'),
	(1389, 2, 21, 'delete', 1, NULL, 1, '2018-09-01 08:22:12', 1, '2018-09-01 08:22:12'),
	(1390, 2, 25, 'update', 1, NULL, 1, '2018-09-01 08:22:12', 1, '2018-09-01 08:22:12'),
	(1391, 2, 25, 'delete', 1, NULL, 1, '2018-09-01 08:22:12', 1, '2018-09-01 08:22:12'),
	(1392, 2, 26, 'update', 1, NULL, 1, '2018-09-01 08:22:12', 1, '2018-09-01 08:22:12'),
	(1393, 2, 26, 'delete', 1, NULL, 1, '2018-09-01 08:22:12', 1, '2018-09-01 08:22:12'),
	(1394, 2, 27, 'update', 1, NULL, 1, '2018-09-01 08:22:12', 1, '2018-09-01 08:22:12'),
	(1395, 2, 27, 'delete', 1, NULL, 1, '2018-09-01 08:22:12', 1, '2018-09-01 08:22:12'),
	(1396, 2, 23, 'update', 1, NULL, 1, '2018-09-01 08:22:12', 1, '2018-09-01 08:22:12'),
	(1397, 2, 23, 'delete', 1, NULL, 1, '2018-09-01 08:22:12', 1, '2018-09-01 08:22:12'),
	(1398, 2, 24, 'update', 1, NULL, 1, '2018-09-01 08:22:12', 1, '2018-09-01 08:22:12'),
	(1399, 2, 24, 'delete', 1, NULL, 1, '2018-09-01 08:22:12', 1, '2018-09-01 08:22:12'),
	(1400, 2, 31, 'update', 1, NULL, 1, '2018-09-01 08:22:12', 1, '2018-09-01 08:22:12'),
	(1401, 2, 31, 'delete', 1, NULL, 1, '2018-09-01 08:22:12', 1, '2018-09-01 08:22:12'),
	(1402, 2, 32, 'update', 1, NULL, 1, '2018-09-01 08:22:12', 1, '2018-09-01 08:22:12'),
	(1403, 2, 32, 'delete', 1, NULL, 1, '2018-09-01 08:22:12', 1, '2018-09-01 08:22:12'),
	(1404, 2, 33, 'update', 1, NULL, 1, '2018-09-01 08:22:12', 1, '2018-09-01 08:22:12'),
	(1405, 2, 33, 'delete', 1, NULL, 1, '2018-09-01 08:22:12', 1, '2018-09-01 08:22:12'),
	(1406, 2, 35, 'update', 1, NULL, 1, '2018-09-01 08:22:12', 1, '2018-09-01 08:22:12'),
	(1407, 2, 35, 'delete', 1, NULL, 1, '2018-09-01 08:22:12', 1, '2018-09-01 08:22:12'),
	(1408, 2, 34, 'update', 1, NULL, 1, '2018-09-01 08:22:12', 1, '2018-09-01 08:22:12'),
	(1409, 2, 34, 'delete', 1, NULL, 1, '2018-09-01 08:22:12', 1, '2018-09-01 08:22:12'),
	(1410, 2, 44, 'update', 1, NULL, 1, '2018-09-01 08:22:12', 1, '2018-09-01 08:22:12'),
	(1411, 2, 44, 'delete', 1, NULL, 1, '2018-09-01 08:22:12', 1, '2018-09-01 08:22:12'),
	(1412, 2, 37, 'update', 1, NULL, 1, '2018-09-01 08:22:12', 1, '2018-09-01 08:22:12'),
	(1413, 2, 37, 'delete', 1, NULL, 1, '2018-09-01 08:22:12', 1, '2018-09-01 08:22:12'),
	(1414, 2, 38, 'update', 1, NULL, 1, '2018-09-01 08:22:12', 1, '2018-09-01 08:22:12'),
	(1415, 2, 38, 'delete', 1, NULL, 1, '2018-09-01 08:22:12', 1, '2018-09-01 08:22:12'),
	(1416, 2, 39, 'update', 1, NULL, 1, '2018-09-01 08:22:12', 1, '2018-09-01 08:22:12'),
	(1417, 2, 39, 'delete', 1, NULL, 1, '2018-09-01 08:22:12', 1, '2018-09-01 08:22:12'),
	(1418, 2, 40, 'update', 1, NULL, 1, '2018-09-01 08:22:12', 1, '2018-09-01 08:22:12'),
	(1419, 2, 40, 'delete', 1, NULL, 1, '2018-09-01 08:22:12', 1, '2018-09-01 08:22:12'),
	(1420, 2, 41, 'update', 1, NULL, 1, '2018-09-01 08:22:12', 1, '2018-09-01 08:22:12'),
	(1421, 2, 41, 'delete', 1, NULL, 1, '2018-09-01 08:22:12', 1, '2018-09-01 08:22:12'),
	(1422, 2, 42, 'update', 1, NULL, 1, '2018-09-01 08:22:12', 1, '2018-09-01 08:22:12'),
	(1423, 2, 42, 'delete', 1, NULL, 1, '2018-09-01 08:22:12', 1, '2018-09-01 08:22:12'),
	(1424, 2, 43, 'update', 1, NULL, 1, '2018-09-01 08:22:12', 1, '2018-09-01 08:22:12'),
	(1425, 2, 43, 'delete', 1, NULL, 1, '2018-09-01 08:22:12', 1, '2018-09-01 08:22:12'),
	(1446, 9, 31, 'update', 1, NULL, 1, '2018-09-01 08:22:42', 1, '2018-09-01 08:22:42'),
	(1447, 9, 31, 'delete', 1, NULL, 1, '2018-09-01 08:22:42', 1, '2018-09-01 08:22:42'),
	(1448, 9, 32, 'update', 1, NULL, 1, '2018-09-01 08:22:42', 1, '2018-09-01 08:22:42'),
	(1449, 9, 32, 'delete', 1, NULL, 1, '2018-09-01 08:22:42', 1, '2018-09-01 08:22:42'),
	(1450, 9, 33, 'update', 1, NULL, 1, '2018-09-01 08:22:42', 1, '2018-09-01 08:22:42'),
	(1451, 9, 33, 'delete', 1, NULL, 1, '2018-09-01 08:22:42', 1, '2018-09-01 08:22:42'),
	(1452, 9, 35, 'update', 1, NULL, 1, '2018-09-01 08:22:42', 1, '2018-09-01 08:22:42'),
	(1453, 9, 35, 'delete', 1, NULL, 1, '2018-09-01 08:22:42', 1, '2018-09-01 08:22:42'),
	(1454, 9, 34, 'update', 1, NULL, 1, '2018-09-01 08:22:42', 1, '2018-09-01 08:22:42'),
	(1455, 9, 34, 'delete', 1, NULL, 1, '2018-09-01 08:22:42', 1, '2018-09-01 08:22:42'),
	(1456, 9, 44, 'update', 1, NULL, 1, '2018-09-01 08:22:42', 1, '2018-09-01 08:22:42'),
	(1457, 9, 44, 'delete', 1, NULL, 1, '2018-09-01 08:22:42', 1, '2018-09-01 08:22:42'),
	(1458, 9, 37, 'update', 1, NULL, 1, '2018-09-01 08:22:42', 1, '2018-09-01 08:22:42'),
	(1459, 9, 37, 'delete', 1, NULL, 1, '2018-09-01 08:22:42', 1, '2018-09-01 08:22:42'),
	(1460, 9, 38, 'update', 1, NULL, 1, '2018-09-01 08:22:42', 1, '2018-09-01 08:22:42'),
	(1461, 9, 38, 'delete', 1, NULL, 1, '2018-09-01 08:22:42', 1, '2018-09-01 08:22:42'),
	(1462, 9, 39, 'update', 1, NULL, 1, '2018-09-01 08:22:42', 1, '2018-09-01 08:22:42'),
	(1463, 9, 39, 'delete', 1, NULL, 1, '2018-09-01 08:22:42', 1, '2018-09-01 08:22:42'),
	(1464, 9, 40, 'update', 1, NULL, 1, '2018-09-01 08:22:42', 1, '2018-09-01 08:22:42'),
	(1465, 9, 40, 'delete', 1, NULL, 1, '2018-09-01 08:22:42', 1, '2018-09-01 08:22:42'),
	(1466, 9, 41, 'update', 1, NULL, 1, '2018-09-01 08:22:42', 1, '2018-09-01 08:22:42'),
	(1467, 9, 41, 'delete', 1, NULL, 1, '2018-09-01 08:22:42', 1, '2018-09-01 08:22:42'),
	(1468, 9, 42, 'update', 1, NULL, 1, '2018-09-01 08:22:42', 1, '2018-09-01 08:22:42'),
	(1469, 9, 42, 'delete', 1, NULL, 1, '2018-09-01 08:22:42', 1, '2018-09-01 08:22:42'),
	(1470, 9, 43, 'update', 1, NULL, 1, '2018-09-01 08:22:42', 1, '2018-09-01 08:22:42'),
	(1471, 9, 43, 'delete', 1, NULL, 1, '2018-09-01 08:22:42', 1, '2018-09-01 08:22:42'),
	(1472, 3, 31, 'update', 1, NULL, 1, '2018-09-01 08:23:07', 1, '2018-09-01 08:23:07'),
	(1473, 3, 31, 'delete', 1, NULL, 1, '2018-09-01 08:23:07', 1, '2018-09-01 08:23:07'),
	(1474, 3, 32, 'update', 1, NULL, 1, '2018-09-01 08:23:07', 1, '2018-09-01 08:23:07'),
	(1475, 3, 32, 'delete', 1, NULL, 1, '2018-09-01 08:23:07', 1, '2018-09-01 08:23:07'),
	(1476, 3, 33, 'update', 1, NULL, 1, '2018-09-01 08:23:07', 1, '2018-09-01 08:23:07'),
	(1477, 3, 33, 'delete', 1, NULL, 1, '2018-09-01 08:23:07', 1, '2018-09-01 08:23:07'),
	(1478, 3, 35, 'update', 1, NULL, 1, '2018-09-01 08:23:07', 1, '2018-09-01 08:23:07'),
	(1479, 3, 35, 'delete', 1, NULL, 1, '2018-09-01 08:23:07', 1, '2018-09-01 08:23:07'),
	(1480, 3, 34, 'update', 1, NULL, 1, '2018-09-01 08:23:07', 1, '2018-09-01 08:23:07'),
	(1481, 3, 34, 'delete', 1, NULL, 1, '2018-09-01 08:23:07', 1, '2018-09-01 08:23:07'),
	(1482, 3, 44, 'update', 1, NULL, 1, '2018-09-01 08:23:07', 1, '2018-09-01 08:23:07'),
	(1483, 3, 44, 'delete', 1, NULL, 1, '2018-09-01 08:23:07', 1, '2018-09-01 08:23:07'),
	(1484, 3, 37, 'update', 1, NULL, 1, '2018-09-01 08:23:07', 1, '2018-09-01 08:23:07'),
	(1485, 3, 37, 'delete', 1, NULL, 1, '2018-09-01 08:23:07', 1, '2018-09-01 08:23:07'),
	(1486, 3, 38, 'update', 1, NULL, 1, '2018-09-01 08:23:07', 1, '2018-09-01 08:23:07'),
	(1487, 3, 38, 'delete', 1, NULL, 1, '2018-09-01 08:23:07', 1, '2018-09-01 08:23:07'),
	(1488, 3, 39, 'update', 1, NULL, 1, '2018-09-01 08:23:07', 1, '2018-09-01 08:23:07'),
	(1489, 3, 39, 'delete', 1, NULL, 1, '2018-09-01 08:23:07', 1, '2018-09-01 08:23:07'),
	(1490, 3, 40, 'update', 1, NULL, 1, '2018-09-01 08:23:07', 1, '2018-09-01 08:23:07'),
	(1491, 3, 40, 'delete', 1, NULL, 1, '2018-09-01 08:23:07', 1, '2018-09-01 08:23:07'),
	(1492, 3, 41, 'update', 1, NULL, 1, '2018-09-01 08:23:07', 1, '2018-09-01 08:23:07'),
	(1493, 3, 41, 'delete', 1, NULL, 1, '2018-09-01 08:23:07', 1, '2018-09-01 08:23:07'),
	(1494, 3, 42, 'update', 1, NULL, 1, '2018-09-01 08:23:07', 1, '2018-09-01 08:23:07'),
	(1495, 3, 42, 'delete', 1, NULL, 1, '2018-09-01 08:23:07', 1, '2018-09-01 08:23:07'),
	(1496, 3, 43, 'update', 1, NULL, 1, '2018-09-01 08:23:07', 1, '2018-09-01 08:23:07'),
	(1497, 3, 43, 'delete', 1, NULL, 1, '2018-09-01 08:23:07', 1, '2018-09-01 08:23:07'),
	(1498, 4, 31, 'update', 1, NULL, 1, '2018-09-01 08:23:14', 1, '2018-09-01 08:23:14'),
	(1499, 4, 31, 'delete', 1, NULL, 1, '2018-09-01 08:23:14', 1, '2018-09-01 08:23:14'),
	(1500, 4, 32, 'update', 1, NULL, 1, '2018-09-01 08:23:14', 1, '2018-09-01 08:23:14'),
	(1501, 4, 32, 'delete', 1, NULL, 1, '2018-09-01 08:23:14', 1, '2018-09-01 08:23:14'),
	(1502, 4, 33, 'update', 1, NULL, 1, '2018-09-01 08:23:14', 1, '2018-09-01 08:23:14'),
	(1503, 4, 33, 'delete', 1, NULL, 1, '2018-09-01 08:23:14', 1, '2018-09-01 08:23:14'),
	(1504, 4, 35, 'update', 1, NULL, 1, '2018-09-01 08:23:14', 1, '2018-09-01 08:23:14'),
	(1505, 4, 35, 'delete', 1, NULL, 1, '2018-09-01 08:23:14', 1, '2018-09-01 08:23:14'),
	(1506, 4, 34, 'update', 1, NULL, 1, '2018-09-01 08:23:14', 1, '2018-09-01 08:23:14'),
	(1507, 4, 34, 'delete', 1, NULL, 1, '2018-09-01 08:23:14', 1, '2018-09-01 08:23:14'),
	(1508, 4, 44, 'update', 1, NULL, 1, '2018-09-01 08:23:14', 1, '2018-09-01 08:23:14'),
	(1509, 4, 44, 'delete', 1, NULL, 1, '2018-09-01 08:23:14', 1, '2018-09-01 08:23:14'),
	(1510, 4, 37, 'update', 1, NULL, 1, '2018-09-01 08:23:14', 1, '2018-09-01 08:23:14'),
	(1511, 4, 37, 'delete', 1, NULL, 1, '2018-09-01 08:23:14', 1, '2018-09-01 08:23:14'),
	(1512, 4, 38, 'update', 1, NULL, 1, '2018-09-01 08:23:14', 1, '2018-09-01 08:23:14'),
	(1513, 4, 38, 'delete', 1, NULL, 1, '2018-09-01 08:23:14', 1, '2018-09-01 08:23:14'),
	(1514, 4, 39, 'update', 1, NULL, 1, '2018-09-01 08:23:14', 1, '2018-09-01 08:23:14'),
	(1515, 4, 39, 'delete', 1, NULL, 1, '2018-09-01 08:23:14', 1, '2018-09-01 08:23:14'),
	(1516, 4, 40, 'update', 1, NULL, 1, '2018-09-01 08:23:14', 1, '2018-09-01 08:23:14'),
	(1517, 4, 40, 'delete', 1, NULL, 1, '2018-09-01 08:23:14', 1, '2018-09-01 08:23:14'),
	(1518, 4, 41, 'update', 1, NULL, 1, '2018-09-01 08:23:14', 1, '2018-09-01 08:23:14'),
	(1519, 4, 41, 'delete', 1, NULL, 1, '2018-09-01 08:23:14', 1, '2018-09-01 08:23:14'),
	(1520, 4, 42, 'update', 1, NULL, 1, '2018-09-01 08:23:14', 1, '2018-09-01 08:23:14'),
	(1521, 4, 42, 'delete', 1, NULL, 1, '2018-09-01 08:23:14', 1, '2018-09-01 08:23:14'),
	(1522, 4, 43, 'update', 1, NULL, 1, '2018-09-01 08:23:14', 1, '2018-09-01 08:23:14'),
	(1523, 4, 43, 'delete', 1, NULL, 1, '2018-09-01 08:23:14', 1, '2018-09-01 08:23:14');
/*!40000 ALTER TABLE `sys_role_menu` ENABLE KEYS */;

-- 正在导出表  xmanage.sys_session 的数据：~0 rows (大约)
/*!40000 ALTER TABLE `sys_session` DISABLE KEYS */;
/*!40000 ALTER TABLE `sys_session` ENABLE KEYS */;

-- 正在导出表  xmanage.sys_user 的数据：~4 rows (大约)
/*!40000 ALTER TABLE `sys_user` DISABLE KEYS */;
INSERT INTO `sys_user` (`id_`, `account_`, `password_`, `orga_id`, `user_type`, `user_name`, `name_pinyin`, `sex_`, `avatar_`, `phone_`, `email_`, `id_card`, `wei_xin`, `wei_bo`, `qq_`, `birth_day`, `position_`, `address_`, `staff_no`, `enable_`, `remark_`, `create_time`, `create_by`, `update_time`, `update_by`) VALUES
	(1, 'develop', 'aKO9YiJUFrIJJ4DFI91NFa==', 1, '3', '超级管理员', 'GUANLIYUAN', 1, 'http://118.190.43.148/group1/M00/00/00/dr4rlFjNBguAfJl7AAcOE67NTFk744.png', '15333821711', '12@12', NULL, NULL, NULL, NULL, '2017-01-27', '213', '', NULL, 1, '1', '2016-05-06 10:06:52', 1, '2017-06-05 14:30:47', 1),
	(2, 'admin', 'bZ30QiG/LXOGZUNgtAvVaa==', 2, '2', '管理员', 'GUANLIYUAN', 1, 'http://118.190.43.148/group1/M00/00/00/dr4rlFjNBguAfJl7AAcOE67NTFk744.png', '15333821711', '12@12', NULL, NULL, NULL, NULL, '2017-01-27', '213', '', NULL, 1, '1', '2016-05-06 10:06:52', 1, '2017-06-05 14:30:47', 2),
	(3, 'test', 'bZ30QiG/LXOGZUNgtAvVaa==', 14, '1', 'test', '', 1, 'http://118.190.43.148/group1/M00/00/00/dr4rlFj3H0iATcqFAAv7S9z_iMg689.png', '13512345678', '123@163.com', NULL, NULL, NULL, NULL, '2017-02-01', '测试', '', NULL, 1, '1', '2016-05-13 16:58:17', 1, '2017-12-24 20:11:54', 1),
	(4, 'admin2', 'bZ30QiG/LXOGZUNgtAvVaa==', 13, '1', '小区管理员', NULL, 1, NULL, '13512345678', '123@163.com', NULL, NULL, NULL, NULL, '2018-08-06', '测试', '', NULL, 1, '', '2018-08-06 17:10:14', 1, '2018-08-11 20:01:16', 2);
/*!40000 ALTER TABLE `sys_user` ENABLE KEYS */;

-- 正在导出表  xmanage.sys_user_menu 的数据：~0 rows (大约)
/*!40000 ALTER TABLE `sys_user_menu` DISABLE KEYS */;
/*!40000 ALTER TABLE `sys_user_menu` ENABLE KEYS */;

-- 正在导出表  xmanage.sys_user_role 的数据：~4 rows (大约)
/*!40000 ALTER TABLE `sys_user_role` DISABLE KEYS */;
INSERT INTO `sys_user_role` (`id_`, `user_id`, `role_id`, `enable_`, `remark_`, `create_by`, `create_time`, `update_by`, `update_time`) VALUES
	(1, 1, 1, 1, NULL, 1, '0000-00-00 00:00:00', 1, '0000-00-00 00:00:00'),
	(2, 2, 2, 1, NULL, 1, '0000-00-00 00:00:00', 1, '0000-00-00 00:00:00'),
	(4, 4, 3, 1, NULL, 1, '2018-08-06 17:10:32', 1, '2018-08-06 17:10:32'),
	(5, 3, 4, 1, NULL, 1, '2018-08-06 17:12:16', 1, '2018-08-06 17:12:16');
/*!40000 ALTER TABLE `sys_user_role` ENABLE KEYS */;

-- 正在导出表  xmanage.sys_user_thirdparty 的数据：~0 rows (大约)
/*!40000 ALTER TABLE `sys_user_thirdparty` DISABLE KEYS */;
/*!40000 ALTER TABLE `sys_user_thirdparty` ENABLE KEYS */;

/*!40101 SET SQL_MODE=IFNULL(@OLD_SQL_MODE, '') */;
/*!40014 SET FOREIGN_KEY_CHECKS=IF(@OLD_FOREIGN_KEY_CHECKS IS NULL, 1, @OLD_FOREIGN_KEY_CHECKS) */;
/*!40101 SET CHARACTER_SET_CLIENT=@OLD_CHARACTER_SET_CLIENT */;
